id,population
840,331.9
826,67.3
36,25.7
724,47.4
380,60.4
250,67.4
76,212.6
32,45.4
392,125.8
643,146.2
484,128.9
356,1380.0
124,38.0
752,10.4
203,10.7
642,19.3
40,9.0
156,1439.3
616,37.8
152,19.1
804,44.1
703,5.5
792,84.3
554,5.1
348,9.7
372,5.0
246,5.5
860,33.5
604,32.9
112,9.4
578,5.4
398,18.8
268,3.7
233,1.3
440,2.8
442,0.6
498,4.0
51,3.0
417,6.5
795,6.0
31,10.1
762,9.5
528,17.4
100,6.9
710,59.3
428,1.9
756,8.7
276,83.2
208,5.8
