id,players
840,14518
826,5802
36,4109
724,3774
380,3540
250,3362
76,2550
32,2249
392,2229
643,2018
484,1797
356,1563
124,1381
752,1273
203,1240
642,1186
40,996
156,966
616,933
152,799
804,739
703,665
792,663
554,553
348,542
372,539
246,450
860,382
604,358
112,325
578,284
398,261
268,208
233,149
440,128
442,122
498,82
51,70
417,37
795,32
31,28
762,20
528,18
100,12
710,9
428,4
756,4
276,3
208,1
